,Fournier-Pascal,,04.76.79.62.19,clemence.fournier-pascal@hotmail.fr,,06/11/1967
Victor,Marie,PARIS 75011,01.28.62.51.83,victor.marie@gmail.com,avocat,26/04/1987
Jerome,Evrard,LYON 69007,04.99.32.30.07,jerome.evrard@gmail.com,barman,
,Gay,,03.14.54.01.76,louise.gay@hotmail.fr,comptable,08/11/1974
Georges-Xavier,Sauvage,PARIS 75010,01.14.96.33.58,georges-xavier.sauvage@server.fr,militaire,10/06/1966
Margaret,Briand,ST ETIENNE 42100,04.14.00.52.67,margaret.briand@outlook.fr,chauffeur,
,Carre,PARIS 75016,01.98.37.50.98,adrien.carre@gmail.com,acteur,25/09/1990
Frederic,Vasseur,MARSEILLE 13008,04.65.13.55.33,frederic.vasseur@gmail.com,comptable,
Olivie,Bonneau de la Bertin,PARIS 75017,01.55.65.15.68,olivie.bonneau-de-la-bertin@gmail.com,boulanger,
Maggie-Cecile,Robin,LE HAVRE 76610,02.60.97.19.73,maggie-cecile.robin@yahoo.fr,architecte,10/07/1998
Emile,Lacroix,,04.02.06.19.18,emile.lacroix@yahoo.fr,journaliste,25/12/1959
Sylvie,Pruvost,MARSEILLE 13013,04.79.28.49.61,sylvie.pruvost@hotmail.fr,informaticien,12/09/1982
,Launay-Delannoy,,05.70.02.64.17,,architecte,18/08/2006
,Delahaye,MARSEILLE 13009,04.43.66.23.77,audrey.delahaye@yahoo.fr,,11/07/1974
Laure,Lucas,MARSEILLE 13009,04.31.31.06.30,laure.lucas@yahoo.fr,,
Lucy,Bernier,TOULON 83000,04.90.42.70.49,lucy.bernier@gmail.com,footballeur,24/01/1974
,Colas de Chauvin,NANTES 44000,02.16.92.15.46,adele.colas-de-chauvin@yahoo.fr,chef d'entreprise,08/05/1985
Eleonore,de la Navarro,PARIS 75019,01.46.49.18.00,eleonore.de-la-navarro@outlook.fr,militaire,05/11/1972
,Perez,MARSEILLE 13008,04.71.30.01.89,claudine.perez@server.fr,footballeur,03/03/1969
Jacqueline,Fernandes,STRASBOURG 67200,03.97.87.96.69,jacqueline.fernandes@gmail.com,acteur,
,de la Peron,,03.96.83.37.16,guy.de-la-peron@gmail.com,,18/07/1962
Gilles-Augustin,Chauvin,PARIS 75001,01.82.30.62.23,gilles-augustin.chauvin@outlook.fr,,
Eleonore,Lombard,ST ETIENNE 42100,04.43.28.90.82,,acteur,11/07/1998
,de Pinto,STRASBOURG 67200,03.74.93.17.73,benoit.de-pinto@outlook.fr,,
Bertrand,Mary,,02.91.09.88.74,bertrand.mary@outlook.fr,,15/01/1986
,Barthelemy,LYON 69005,04.19.87.71.93,zacharie.barthelemy@gmail.com,journaliste,
,Jourdan,MARSEILLE 13012,04.45.78.75.92,sabine.jourdan@outlook.fr,cuisinier,11/05/1958
Theophile,Lefevre de la Leclercq,GRENOBLE 38000,04.38.41.21.83,theophile.lefevre-de-la-leclercq@server.fr,agriculteur,26/04/1970
,Jacquet,RENNES 35200,02.24.96.38.28,maurice.jacquet@yahoo.fr,chercheur,
Victoire,Girard,LYON 69006,04.99.49.63.29,victoire.girard@gmail.com,,02/07/1969
Georges,Georges du Raymond,PARIS 75020,01.12.11.57.31,georges.georges-du-raymond@yahoo.fr,ouvrier,22/07/1984
,Meunier,LE HAVRE 76620,02.88.89.33.97,marcel.meunier@gmail.com,barman,16/02/2004
,Lacroix,LE HAVRE 76610,02.27.69.78.21,gerard.lacroix@gmail.com,ouvrier,22/07/1986
Jeannine,Baron,,02.47.65.20.14,jeannine.baron@server.fr,enseignant,16/01/1981
Cecile,Le Gilles,ST ETIENNE 42100,04.76.82.97.41,cecile.le-gilles@gmail.com,,
Veronique,Pelletier,,02.11.04.56.07,veronique.pelletier@gmail.com,medecin,19/07/1974
Pierre,Didier,,04.55.87.51.14,pierre.didier@hotmail.fr,chef d'entreprise,02/05/1989
Emilie-Alexandrie,Rossi,,05.64.31.72.11,emilie-alexandrie.rossi@hotmail.fr,banquier,16/12/2004
Michel-Edouard,Coulon,TOULOUSE 31300,05.73.75.68.40,,acteur,30/07/1965
Isabelle-Ines,Fleury,ST ETIENNE 42100,04.12.48.06.23,,,26/10/1993
Alphonse,Mathieu Le Blondel,,05.27.73.52.13,alphonse.mathieu-le-blondel@hotmail.fr,,31/10/1970
Philippe-Franck,Roche,,01.58.67.65.22,philippe-franck.roche@gmail.com,enseignant,
Gregoire,du Pinto,PARIS 75010,01.84.39.90.35,gregoire.du-pinto@gmail.com,,04/03/1993
Alexandre,Rolland,LYON 69003,04.71.46.90.17,alexandre.rolland@hotmail.fr,,08/01/1956
Vincent,Allard,PARIS 75008,01.03.87.54.73,vincent.allard@outlook.fr,barman,17/10/1983
,Renaud Le Laporte,MARSEILLE 13016,04.52.37.88.47,nathalie.renaud-le-laporte@gmail.com,footballeur,23/11/1987
,Bouvet,,04.81.46.35.95,eugene.bouvet@yahoo.fr,chef d'entreprise,
Martin,Mary,LE HAVRE 76610,02.79.44.26.30,martin.mary@outlook.fr,,
Laurence,de la Alves,NICE 6200,04.89.35.39.79,laurence.de-la-alves@outlook.fr,,28/09/1994
Roger-Roland,Hamon,PARIS 75002,01.28.89.72.08,roger-roland.hamon@gmail.com,,27/06/1991
Zacharie,Thierry,MARSEILLE 13009,04.80.19.29.74,zacharie.thierry@outlook.fr,journaliste,
,Bruneau,MARSEILLE 13011,04.44.67.54.70,margot.bruneau@server.fr,informaticien,
Martin,Gaudin,,04.76.85.99.99,,medecin,
Joseph,Colas Le Chauveau,NICE 6200,04.83.94.57.30,joseph.colas-le-chauveau@yahoo.fr,enseignant,
Tristan,Humbert-Julien,,04.80.47.65.21,tristan.humbert-julien@hotmail.fr,,06/01/1954
Thierry,Parent,PARIS 75014,01.18.55.29.08,thierry.parent@hotmail.fr,avocat,28/06/1987
Michele,Bouvet,NANTES 44200,02.94.01.61.95,michele.bouvet@hotmail.fr,militaire,
Celina-Sophie,Bourgeois,MARSEILLE 13011,04.83.93.01.22,celina-sophie.bourgeois@outlook.fr,,12/09/1983
Alexandria,Coulon-Texier,PARIS 75017,01.98.01.27.06,alexandria.coulon-texier@hotmail.fr,,
Amelie,Joly,PARIS 75008,01.38.71.13.58,amelie.joly@gmail.com,banquier,
,Leroy,PARIS 75002,01.09.81.19.36,dominique.leroy@outlook.fr,avocat,
Veronique,Foucher,,04.73.91.53.86,veronique.foucher@server.fr,footballeur,17/12/1957
Pauline,Ruiz,,04.08.39.98.30,pauline.ruiz@server.fr,acteur,22/10/1985
Genevieve,Guerin de la Gros,,02.21.90.41.80,genevieve.guerin-de-la-gros@gmail.com,avocat,
,Le Bailly,STRASBOURG 67200,03.05.78.02.42,philippe.le-bailly@outlook.fr,footballeur,23/05/1979
Yves,Pages-Tanguy,,02.81.48.01.39,yves.pages-tanguy@server.fr,,07/01/1986
Aurore,Chauveau de la Dumas,,03.55.05.56.25,aurore.chauveau-de-la-dumas@yahoo.fr,acteur,14/12/1966
Michele,Andre,CHAMPAGNE-AU-MONT-D'OR 69410,04.10.18.98.47,michele.andre@server.fr,acteur,
Daniel,Garcia,,01.96.34.40.17,daniel.garcia@outlook.fr,,18/04/1990
Raymond,Dupont,MONTPELLIER 34090,04.42.80.55.68,raymond.dupont@outlook.fr,,29/01/1983
Paul,de la Guillon,MARSEILLE 13013,04.33.79.05.64,paul.de-la-guillon@outlook.fr,,18/12/2004
Benjamin-Yves,Martins,PARIS 75116,01.22.63.40.51,benjamin-yves.martins@outlook.fr,agriculteur,19/09/1962
Roland,Nicolas,TOULOUSE 31000,05.34.85.76.51,,militaire,25/11/1963
Alice,du Paris,TOULOUSE 31100,05.28.76.34.50,,,
,de la Giraud,LYON 69004,04.60.21.83.68,laurent.de-la-giraud@yahoo.fr,agriculteur,12/04/2002
,Payet,MARSEILLE 13009,04.47.12.82.89,anne.payet@hotmail.fr,chef d'entreprise,24/12/1984
,Noel,PARIS 75003,01.14.55.12.90,emmanuelle.noel@yahoo.fr,,
Martine-Charlotte,Dumas,LYON 69006,04.30.81.10.18,martine-charlotte.dumas@server.fr,,07/04/1978
,Begue,,04.72.03.21.33,bernard.begue@gmail.com,,13/11/1976
Thibault,Besnard de la Dumont,PARIS 75015,01.64.30.22.55,thibault.besnard-de-la-dumont@gmail.com,,
Andre,Dubois,MARSEILLE 13005,04.38.90.88.66,,informaticien,
Olivie,Martinez,NICE 6000,04.47.67.21.72,olivie.martinez@hotmail.fr,barman,23/05/2004
Astrid,Cousin,PARIS 75004,01.28.39.25.90,astrid.cousin@yahoo.fr,barman,11/05/1968
Hugues,Barbe,LE HAVRE 76600,02.93.65.57.14,hugues.barbe@hotmail.fr,,15/11/1968
Henriette,Ferreira,,01.96.23.18.45,henriette.ferreira@yahoo.fr,medecin,
Thomas,Perrier de la Chartier,,04.22.58.06.17,thomas.perrier-de-la-chartier@yahoo.fr,chauffeur,07/09/1987
Alexandria,du Coulon,PARIS 75017,01.18.91.77.95,alexandria.du-coulon@yahoo.fr,chauffeur,14/02/1954
Theophile,du Jacquot,NICE 6200,04.78.64.61.99,theophile.du-jacquot@hotmail.fr,militaire,19/03/1982
Auguste,Henry Le Perrin,SAINT-DENIS 93200,01.09.16.83.64,auguste.henry-le-perrin@hotmail.fr,enseignant,25/04/1954
Marcel,Monnier,MARSEILLE 13009,04.99.08.65.49,marcel.monnier@yahoo.fr,journaliste,03/11/1954
Charlotte,Briand,NICE 6000,04.79.64.96.80,charlotte.briand@hotmail.fr,acteur,03/12/1989
Claire,du Lacombe,GRENOBLE 38100,04.42.92.59.49,claire.du-lacombe@gmail.com,architecte,27/02/1992
Adrienne,Boucher,PARIS 75007,01.34.03.25.84,adrienne.boucher@gmail.com,barman,
,Hamon,RENNES 35200,02.41.48.26.01,,,
Patrick,de Turpin,,01.52.16.32.86,patrick.de-turpin@server.fr,,02/03/1955
Rene,Chretien,,04.87.32.86.74,rene.chretien@hotmail.fr,,24/06/2004
Christiane-Astrid,Allard,TOULOUSE 31300,05.51.46.62.56,christiane-astrid.allard@outlook.fr,avocat,08/11/1958
Martine,Wagner,,03.89.77.22.40,martine.wagner@gmail.com,boulanger,11/05/1967
Antoine-Xavier,Lopes,,04.19.49.07.98,,technicien,
,Bigot-Francois,MARSEILLE 13014,04.76.08.24.70,gilbert.bigot-francois@hotmail.fr,,15/12/2001
