Josephine,Lemonnier,MONTPELLIER 34000,04.40.76.04.25,,chef d'entreprise,
Emmanuelle,Diaz Le Roche,BORDEAUX 33000,05.07.00.69.76,emmanuelle.diaz-le-roche@gmail.com,,23/06/2004
Alexandria,Coulon-Texier,PARIS 75017,01.98.01.27.06,alexandria.coulon-texier@hotmail.fr,,
Patrick,Devaux,MONTPELLIER 34070,04.17.27.83.30,patrick.devaux@gmail.com,chef d'entreprise,
Victor,Guillon du Thibault,,03.23.56.54.21,victor.guillon-du-thibault@gmail.com,technicien,22/09/1975
Marthe,Leveque,MARSEILLE 13013,04.14.22.63.26,marthe.leveque@yahoo.fr,chauffeur,
Lucas,Pasquier,,02.35.26.59.32,lucas.pasquier@gmail.com,chercheur,11/06/1985
Laure,David du Blanc,,03.42.60.37.44,laure.david-du-blanc@outlook.fr,agriculteur,11/12/1966
,Grenier,,01.13.62.13.28,jeanne.grenier@gmail.com,chauffeur,
Joseph,Laroche,,04.72.60.46.61,joseph.laroche@hotmail.fr,boulanger,04/06/2006
Suzanne,Meunier,MARSEILLE 13009,04.78.07.36.31,suzanne.meunier@server.fr,medecin,
Valerie,Duhamel,MONTPELLIER 34070,04.59.89.62.13,valerie.duhamel@server.fr,acteur,30/03/1976
Benjamin-Laurent,Charles,NICE 06000,04.47.24.69.85,benjamin-laurent.charles@gmail.com,enseignant,23/06/1985
Thomas,Guyon,,04.54.25.97.14,thomas.guyon@hotmail.fr,footballeur,06/06/1967
,Martin,LE HAVRE 76610,02.33.29.34.52,aimee.martin@hotmail.fr,chercheur,
Theodore,Ollivier,PARIS 75116,01.83.15.83.88,theodore.ollivier@yahoo.fr,,27/07/1971
Nathalie-Aurelie,Morvan,PARIS 75011,01.07.72.75.10,nathalie-aurelie.morvan@gmail.com,,03/05/1995
,Leconte,MARSEILLE 13013,04.96.16.72.20,emilie.leconte@hotmail.fr,architecte,03/06/1957
Marcel,Merle,,04.31.91.22.55,marcel.merle@server.fr,medecin,29/01/1964
Elodie,Dubois Le Pierre,,01.33.43.04.56,elodie.dubois-le-pierre@gmail.com,boulanger,09/04/1996
Zacharie,Blot,NANTES 44100,02.30.95.88.73,zacharie.blot@gmail.com,,10/02/1960
Isabelle-Lucie,Rocher,,04.11.46.06.20,isabelle-lucie.rocher@yahoo.fr,,20/06/1969
Anouk,Boutin,LYON 69003,04.47.16.14.49,anouk.boutin@outlook.fr,,23/12/1980
Dorothee,Lesage,,01.13.32.37.10,dorothee.lesage@hotmail.fr,,26/06/1961
Maggie,Arnaud,,04.26.43.67.56,maggie.arnaud@hotmail.fr,,29/05/1982
Luce,Maurice,,02.34.86.86.62,luce.maurice@hotmail.fr,architecte,30/04/1958
Gregoire,Martins-Maurice,,04.30.51.98.34,gregoire.martins-maurice@server.fr,agriculteur,
Anastasie-Audrey,Perrier,LYON 69007,04.60.75.80.12,,cuisinier,
Mathilde,Lelievre,PARIS 75012,01.93.17.61.28,mathilde.lelievre@hotmail.fr,,23/06/1976
,Daniel,CALUIRE-ET-CUIRE 69300,04.31.29.71.32,arthur.daniel@gmail.com,avocat,24/03/1962
Lucas,Arnaud,,03.02.25.56.48,lucas.arnaud@hotmail.fr,acteur,12/03/1985
Frederic-Robert,Potier,PARIS 75005,01.87.56.90.41,frederic-robert.potier@gmail.com,chauffeur,
Theophile,Fischer,,04.44.25.45.77,theophile.fischer@gmail.com,,18/07/1956
Lucy,Aubry de la Lefort,MARSEILLE 13013,04.37.20.85.34,lucy.aubry-de-la-lefort@gmail.com,,
Eugene,Joubert,PARIS 75017,01.86.56.01.98,eugene.joubert@yahoo.fr,barman,01/03/1986
Aimee,Klein,,01.62.25.45.13,aimee.klein@yahoo.fr,chauffeur,23/12/1955
,Pierre,PARIS 75001,01.22.58.69.67,dorothee-oceane.pierre@hotmail.fr,,30/08/1970
Olivier,Gautier de Rodrigues,,04.35.17.09.01,olivier.gautier-de-rodrigues@gmail.com,journaliste,28/08/1993
Honore,Vincent de Bertrand,LE HAVRE 76600,02.23.25.39.68,honore.vincent-de-bertrand@gmail.com,barman,31/12/1963
Zacharie,Le Lambert,PARIS 75002,01.67.46.68.29,zacharie.le-lambert@gmail.com,,
Alexandria,Mallet,TOULOUSE 31100,05.29.42.58.61,alexandria.mallet@yahoo.fr,enseignant,
Marcel,Delahaye de la Ledoux,TOULON 83100,04.46.07.09.72,marcel.delahaye-de-la-ledoux@outlook.fr,militaire,
Thomas,Albert,PARIS 75013,01.26.80.02.12,thomas.albert@gmail.com,technicien,19/10/1970
Michel,Torres,PARIS 75019,01.03.09.25.63,michel.torres@gmail.com,,
Susanne,Le Roux,PARIS 75015,01.69.69.76.77,susanne.le-roux@hotmail.fr,,24/05/1985
Gregoire,Valentin,LILLE 59160,03.21.74.52.12,,boulanger,05/04/1981
Francoise,Bertin,LILLE 59000,03.85.13.38.31,francoise.bertin@outlook.fr,footballeur,03/08/1957
,Alexandre de la Lecoq,NANTES 44200,02.76.51.68.55,zacharie.alexandre-de-la-lecoq@yahoo.fr,barman,27/12/1969
Gerard,Vallet-Charpentier,NANTES 44100,02.47.18.68.27,gerard.vallet-charpentier@outlook.fr,barman,28/12/1989
Isabelle,Julien du Vallet,MONTPELLIER 34090,04.99.76.55.66,isabelle.julien-du-vallet@yahoo.fr,,17/09/1996
,Aubry,,03.15.78.00.55,luce.aubry@gmail.com,cuisinier,18/01/2003
Ines,Moulin de la Gomez,,05.08.75.14.68,,comptable,29/12/1972
,Leger de la Simon,,01.40.68.43.55,juliette.leger-de-la-simon@gmail.com,,30/10/1988
,Riviere,PARIS 75020,01.85.58.03.65,benoit.riviere@hotmail.fr,,18/09/1965
Juliette,Philippe,GRENOBLE 38100,04.68.14.85.67,juliette.philippe@gmail.com,journaliste,
Alexandrie,Aubry,,01.01.64.64.43,alexandrie.aubry@hotmail.fr,informaticien,
Denis,Ledoux-Boulay,GRENOBLE 38100,04.98.58.83.02,denis.ledoux-boulay@gmail.com,avocat,02/06/1984
Gabriel,Martel,MARSEILLE 13015,04.16.92.04.17,gabriel.martel@yahoo.fr,agriculteur,
Anastasie-Alice,Gimenez,PARIS 75003,01.24.57.14.68,anastasie-alice.gimenez@outlook.fr,footballeur,11/04/1998
Charles,Roger,MARSEILLE 13008,04.65.65.12.61,charles.roger@server.fr,footballeur,
Francois,Da Silva Le Maillot,,02.30.05.69.35,francois.da-silva-le-maillot@server.fr,comptable,30/08/1997
Christine,Meunier,PARIS 75019,01.99.29.29.97,christine.meunier@gmail.com,chef d'entreprise,21/02/1963
Agnes,Dubois,,01.14.51.14.52,agnes.dubois@hotmail.fr,,20/01/1998
Margaud,Lagarde,,02.97.06.60.69,margaud.lagarde@gmail.com,technicien,25/01/1989
Nathalie,Guillaume,RENNES 35700,02.67.79.92.69,nathalie.guillaume@yahoo.fr,,
,Marion,MONTPELLIER 34080,04.41.23.50.15,olivier-arthur.marion@hotmail.fr,militaire,11/12/1992
,David,,04.73.42.90.82,auguste.david@hotmail.fr,cuisinier,20/11/1993
Marine,Benoit,NICE 06200,04.13.65.76.50,marine.benoit@yahoo.fr,technicien,22/08/1985
,Dubois,STRASBOURG 67200,03.20.81.53.76,aime-raymond.dubois@outlook.fr,footballeur,17/01/1956
Stephanie,Bruneau de Martel,PARIS 75008,01.83.16.67.23,stephanie.bruneau-de-martel@server.fr,informaticien,10/08/1961
Michelle,Daniel,ST ETIENNE 42000,04.48.74.99.43,michelle.daniel@gmail.com,footballeur,
,Clerc,,04.24.37.33.32,eric-franck.clerc@gmail.com,,24/09/1985
Zacharie,Camus,MARSEILLE 13016,04.03.88.33.14,zacharie.camus@hotmail.fr,informaticien,
,de la Buisson,LYON 69007,04.64.19.74.16,margaux.de-la-buisson@outlook.fr,banquier,20/05/1969
Laetitia,Dufour,MARSEILLE 13014,04.51.13.11.77,laetitia.dufour@yahoo.fr,barman,
Emile,Lacroix,,04.02.06.19.18,emile.lacroix@yahoo.fr,journaliste,25/12/1959
Agnes,Tessier,NICE 06200,04.95.66.55.43,agnes.tessier@hotmail.fr,boulanger,11/03/1980
Alice,Delahaye,,01.51.73.11.65,alice.delahaye@server.fr,,31/08/1997
Marine,de Nguyen,,04.72.74.18.78,marine.de-nguyen@outlook.fr,,
Bertrand,Hoarau du Perrot,PARIS 75016,01.21.03.16.53,bertrand.hoarau-du-perrot@gmail.com,,09/03/1988
Richard,Renault,NICE 06200,04.19.47.09.62,richard.renault@hotmail.fr,,21/06/2006
Andre-David,Fouquet,MARSEILLE 13006,04.42.39.83.42,andre-david.fouquet@hotmail.fr,informaticien,04/05/2005
,Dupuy,,04.65.46.01.25,antoinette.dupuy@yahoo.fr,,
Zacharie,Da Costa,,04.40.63.83.39,zacharie.da-costa@yahoo.fr,acteur,03/07/1995
Henri-Joseph,Legendre,MARSEILLE 13007,04.28.07.44.39,henri-joseph.legendre@hotmail.fr,acteur,15/09/1979
Corinne,Fleury,MARSEILLE 13001,04.80.55.62.30,corinne.fleury@outlook.fr,agriculteur,
,Carlier,PARIS 75009,01.05.14.82.82,stephane-henri.carlier@gmail.com,militaire,04/05/1963
Frederic,de Potier,PARIS 75014,01.10.94.98.92,frederic.de-potier@hotmail.fr,,
Juliette,Muller,MARSEILLE 13013,04.38.00.56.34,juliette.muller@gmail.com,,12/01/1977
Andre,Leroy Le Caron,,05.74.36.55.11,andre.leroy-le-caron@gmail.com,,
Paul,de la Lefort,MONTPELLIER 34090,04.85.96.02.33,paul.de-la-lefort@gmail.com,,20/02/1996
Thierry,Hamon,SAINT-DENIS 93210,01.42.84.17.74,thierry.hamon@gmail.com,banquier,18/05/1986
Edith,Rey,,02.01.33.14.83,edith.rey@outlook.fr,,
Luce,Caron-Royer,PARIS 75018,01.44.15.69.46,luce.caron-royer@gmail.com,boulanger,
Constance,Pires de Pottier,,05.36.20.73.14,constance.pires-de-pottier@yahoo.fr,banquier,12/02/1998
Benoit,Ramos,,01.07.75.62.13,benoit.ramos@gmail.com,architecte,04/04/1978
Laure,de Noel,,01.84.03.60.40,laure.de-noel@yahoo.fr,footballeur,
Christophe-Joseph,Vasseur,LYON 69009,04.53.11.91.63,,banquier,08/08/1996
Oceane-Susanne,Lemaitre,,01.30.54.69.07,oceane-susanne.lemaitre@hotmail.fr,boulanger,19/02/1984
Alexandre,Guillot,,03.07.86.21.80,alexandre.guillot@hotmail.fr,,
Sophie,Poulain du Gilbert,MARSEILLE 13009,04.51.82.57.26,sophie.poulain-du-gilbert@hotmail.fr,acteur,29/05/1965
Joseph,de Lefevre,NANTES 44000,02.04.35.93.78,joseph.de-lefevre@gmail.com,boulanger,20/12/1954
Jeannine,Pierre,LYON 69008,04.25.96.35.09,jeannine.pierre@gmail.com,,29/05/1981
Marianne,Marion Le Lucas,LYON 69004,04.07.72.35.15,marianne.marion-le-lucas@hotmail.fr,,28/09/1959
Zacharie-Jacques,Descamps,,04.21.71.07.03,,banquier,09/09/1966
,Labbe,MARSEILLE 13001,04.93.91.57.73,jules.labbe@gmail.com,,
Olivier,Benard,,05.98.52.91.24,olivier.benard@server.fr,chercheur,16/01/1979
Theodore,Paris,MARSEILLE 13012,04.85.76.40.21,theodore.paris@yahoo.fr,chef d'entreprise,03/07/1959
Maurice,Pires,NICE 06000,04.67.60.01.68,maurice.pires@server.fr,,
Isaac,Maurice,,04.24.37.35.88,isaac.maurice@yahoo.fr,,
Yves,Rossi,,04.02.32.18.09,yves.rossi@gmail.com,,21/01/1961
,Baron,MARSEILLE 13008,04.37.38.13.89,rene.baron@hotmail.fr,informaticien,
Gilles,Mercier,PARIS 75007,01.39.63.35.04,gilles.mercier@hotmail.fr,agriculteur,03/07/2005
Julien,Gros,,04.22.15.40.48,,footballeur,
Gerard,Guerin,RENNES 35700,02.75.57.95.88,gerard.guerin@server.fr,,01/10/1963
Aime,Torres,PARIS 75017,01.38.11.26.08,aime.torres@gmail.com,chauffeur,
,de Lecomte,NICE 06200,04.61.47.03.25,michel.de-lecomte@hotmail.fr,chauffeur,06/02/1983
,Cousin,BORDEAUX 33200,05.59.46.46.41,madeleine.cousin@outlook.fr,avocat,
,Leclercq-Paul,NICE 06200,04.33.22.24.40,,medecin,
Thierry,du Faure,PARIS 75012,01.46.30.95.02,thierry.du-faure@gmail.com,,
Valerie,Caron du Dumont,,01.10.02.57.32,valerie.caron-du-dumont@gmail.com,comptable,20/03/1967
Monique,Techer,PARIS 75011,01.78.37.26.78,monique.techer@outlook.fr,,10/07/1969
Remy,Bonneau,PARIS 75004,01.32.04.54.43,remy.bonneau@outlook.fr,,28/01/1962
,Carre,MARSEILLE 13010,04.87.66.35.26,arthur.carre@outlook.fr,,13/05/1959
,Francois,,01.18.42.04.05,thierry.francois@gmail.com,chauffeur,05/08/1989
Julie,Rey-Hardy,SAINT-DENIS 93210,01.57.02.60.59,julie.rey-hardy@hotmail.fr,acteur,06/02/1957
,Chauvin,PARIS 75009,01.42.30.91.63,stephane.chauvin@hotmail.fr,,
Thomas,Leveque,PARIS 75011,01.58.00.78.29,thomas.leveque@gmail.com,,23/12/1958
Adelaide,Bertrand,,02.78.55.93.77,adelaide.bertrand@hotmail.fr,,05/06/1958
Adrienne,Evrard,MARSEILLE 13008,04.87.73.48.60,adrienne.evrard@yahoo.fr,journaliste,03/03/2000
Anastasie,Le Boulay,MARSEILLE 13016,04.00.55.30.91,anastasie.le-boulay@gmail.com,chercheur,10/11/1989
Francois,Pons,,05.32.95.55.89,francois.pons@hotmail.fr,,
Chantal,Launay-Mahe,,05.78.85.14.69,chantal.launay-mahe@yahoo.fr,chef d'entreprise,13/05/1982
David,Martineau,MARSEILLE 13013,04.21.12.37.63,david.martineau@yahoo.fr,cuisinier,
Gilbert,Marchand,BORDEAUX 33300,05.83.00.93.57,gilbert.marchand@hotmail.fr,banquier,
Isaac,Julien,MARSEILLE 13005,04.58.70.59.95,isaac.julien@hotmail.fr,architecte,22/06/2004
Zoe,Boulanger,CHAMPAGNE-AU-MONT-D'OR 69410,04.30.08.95.27,zoe.boulanger@outlook.fr,militaire,05/12/1970
Virginie-Lucy,Guilbert,MARSEILLE 13006,04.54.14.70.41,virginie-lucy.guilbert@gmail.com,militaire,
Manon,Le Goff,,04.82.49.10.94,manon.le-goff@gmail.com,enseignant,02/12/1969
Adele,Joseph,MARSEILLE 13008,04.61.69.44.28,adele.joseph@gmail.com,,
Eugene-Thierry,Dupre,PARIS 75017,01.11.46.85.95,eugene-thierry.dupre@outlook.fr,chauffeur,31/12/1976
,Jean,MARSEILLE 13010,04.19.74.76.80,jacques.jean@gmail.com,,06/11/1976
Lucy,Jacob,MARSEILLE 13015,04.74.86.78.19,lucy.jacob@hotmail.fr,avocat,
Christophe,Leveque,STRASBOURG 67100,03.16.53.72.24,,avocat,20/04/1958
Colette,Bernard,BORDEAUX 33100,05.91.48.55.98,colette.bernard@yahoo.fr,militaire,12/12/1977
Etienne,Hubert,,04.10.46.88.53,etienne.hubert@gmail.com,boulanger,29/06/1957
Adelaide,Lebon,PARIS 75003,01.05.58.12.86,adelaide.lebon@outlook.fr,ouvrier,08/05/1954
Audrey,Perez,LYON 69002,04.57.30.01.35,audrey.perez@gmail.com,,19/08/2000
Matthieu-Alfred,Berthelot,LILLE 59160,03.43.49.40.75,matthieu-alfred.berthelot@outlook.fr,,25/10/1960
Lucie,Berthelot,MARSEILLE 13013,04.18.31.29.17,lucie.berthelot@server.fr,,13/05/1987
Dorothee,Delaunay,VILLEURBANNE 69100,04.07.83.85.81,dorothee.delaunay@gmail.com,boulanger,14/10/2000
Benoit,Antoine,,04.32.69.14.30,benoit.antoine@hotmail.fr,,05/01/1991
Matthieu,Leveque,MARSEILLE 13013,04.22.35.10.61,matthieu.leveque@outlook.fr,technicien,
,Le Fabre,PARIS 75116,01.25.88.67.12,henri.le-fabre@yahoo.fr,,
Thomas,Royer,ST ETIENNE 42100,04.26.70.56.05,thomas.royer@outlook.fr,,
,Pages de la Devaux,NICE 06000,04.93.78.12.26,jacques.pages-de-la-devaux@outlook.fr,acteur,07/12/1955
Aurelie,de Delattre,,03.84.61.67.86,aurelie.de-delattre@hotmail.fr,,13/02/1961
Antoine,Gregoire,,04.95.98.55.55,antoine.gregoire@server.fr,,
Louis,Le Chevallier,,01.22.87.73.43,louis.le-chevallier@outlook.fr,cuisinier,28/06/1986
,Thomas du Fernandez,PARIS 75012,01.99.04.89.89,margaud.thomas-du-fernandez@yahoo.fr,,
Isaac,Roche,MARSEILLE 13006,04.87.52.16.85,isaac.roche@server.fr,enseignant,15/03/1988
,Lemonnier,,05.98.51.28.05,margaud.lemonnier@server.fr,ouvrier,
Pierre-Frederic,Guillou,,02.76.97.19.68,pierre-frederic.guillou@hotmail.fr,agriculteur,
Remy,Valentin,,05.85.23.27.89,,,19/03/1967
Edouard,Rocher,LILLE 59260,03.50.90.68.83,edouard.rocher@yahoo.fr,agriculteur,
Agathe,Da Costa du Normand,,04.60.89.62.87,agathe.da-costa-du-normand@gmail.com,avocat,05/09/1991
Isabelle,Bouvier,,01.07.76.79.85,isabelle.bouvier@gmail.com,avocat,
Maurice-Aime,Baudry,,04.98.54.93.85,,avocat,24/02/2006
Joseph,Collin,PARIS 75004,01.33.85.89.73,joseph.collin@server.fr,ouvrier,12/12/1960
Paul-Timothee,Durand,NANTES 44300,02.53.73.31.75,paul-timothee.durand@hotmail.fr,cuisinier,05/03/1974
Alphonse,Antoine,NICE 06200,04.06.48.44.74,alphonse.antoine@hotmail.fr,architecte,27/06/1972
Etienne,de Poulain,PARIS 75016,01.55.01.90.47,etienne.de-poulain@outlook.fr,acteur,16/08/1972
,du Germain,LE HAVRE 76620,02.36.39.45.00,louis.du-germain@outlook.fr,,
Henriette,Ferreira,,01.96.23.18.45,henriette.ferreira@yahoo.fr,medecin,
,Guerin,MARSEILLE 13013,04.94.64.87.49,monique.guerin@outlook.fr,agriculteur,
Olivie,Boyer de la Blanchard,LYON 69008,04.09.83.14.99,olivie.boyer-de-la-blanchard@outlook.fr,militaire,11/08/1992
William,Toussaint,RILLIEUX LA PAPE 69140,04.23.48.48.50,william.toussaint@yahoo.fr,,14/01/2003
Clemence,Robin,NICE 06200,04.39.27.08.96,clemence.robin@gmail.com,,16/06/1970
Thierry,Ledoux,LYON 69006,04.27.13.79.59,thierry.ledoux@hotmail.fr,,07/11/2000
Patrick,Noel,PARIS 75012,01.03.87.70.07,patrick.noel@outlook.fr,boulanger,17/06/1973
Christophe,Monnier,,04.70.05.80.58,christophe.monnier@hotmail.fr,journaliste,04/03/1959
Diane,Dijoux,,01.13.57.94.81,diane.dijoux@gmail.com,technicien,26/11/1954
Marthe,Traore,PARIS 75014,01.75.79.94.84,marthe.traore@yahoo.fr,,27/03/1982
Henriette,Bernard,MONTPELLIER 34090,04.33.88.61.20,,informaticien,06/03/1977
Josette,de Joubert,MARSEILLE 13009,04.15.90.06.45,,journaliste,03/10/1984
Celina,Nicolas,PARIS 75009,01.99.47.29.02,celina.nicolas@server.fr,comptable,
Alice,Gillet,,04.58.32.24.52,,,
Virginie,Cohen de la Marie,NANTES 44000,02.01.96.61.95,virginie.cohen-de-la-marie@hotmail.fr,,06/05/1981
,Labbe,GRENOBLE 38000,04.29.20.17.71,emmanuel.labbe@gmail.com,boulanger,
Arthur,Levy,LE HAVRE 76610,02.96.97.99.65,arthur.levy@hotmail.fr,journaliste,27/12/1979
Renee,Lebrun-Diaz,,04.09.95.75.02,renee.lebrun-diaz@hotmail.fr,chef d'entreprise,
Frederic,de la Bertin,MONTPELLIER 34090,04.06.28.88.02,frederic.de-la-bertin@gmail.com,chauffeur,11/10/1993
Clemence,Goncalves,NANTES 44100,02.68.01.05.57,clemence.goncalves@gmail.com,,13/06/1976
Charlotte,Lombard,MARSEILLE 13008,04.87.13.67.44,,,06/01/1957
Philippe,Mathieu,MARSEILLE 13006,04.50.86.61.70,philippe.mathieu@gmail.com,informaticien,
Marc,Le Ruiz,MONTPELLIER 34080,04.10.28.08.50,marc.le-ruiz@hotmail.fr,informaticien,01/02/1967
Benoit,Richard,,04.30.44.79.65,benoit.richard@hotmail.fr,chauffeur,17/01/1957
Sabine,Giraud du Thomas,,04.67.61.56.87,sabine.giraud-du-thomas@outlook.fr,ouvrier,06/10/1977
Maggie,Raynaud,,04.86.83.59.54,,,01/10/1969
Francois,Rousset,TOULOUSE 31500,05.58.70.52.79,francois.rousset@outlook.fr,ouvrier,22/11/1966
Paul,Aubert,NANTES 44200,02.58.94.96.04,paul.aubert@gmail.com,,24/11/1994
Claudine,Pierre,BRON 69500,04.72.70.97.92,,,26/03/1981
Alexandria-Agathe,Hoareau,BORDEAUX 33000,05.48.64.19.45,alexandria-agathe.hoareau@gmail.com,,30/04/1979
,Gautier-Pierre,LYON 69008,04.52.47.87.70,,medecin,16/04/1975
Marianne,Bouvier-Vallee,NANTES 44300,02.34.90.54.63,marianne.bouvier-vallee@gmail.com,,13/09/2006
Auguste,Gauthier,,04.50.01.48.47,auguste.gauthier@gmail.com,,
,Deschamps-Rousseau,LILLE 59000,03.68.98.54.14,sylvie.deschamps-rousseau@gmail.com,,
Tristan,Dumont,,03.56.11.53.12,,,
,Duval,,05.70.34.34.63,charles-jean.duval@yahoo.fr,acteur,05/07/1958
Arthur-Victor,Berger,,04.47.46.81.74,arthur-victor.berger@outlook.fr,informaticien,
Agathe,Maillet,LYON 69007,04.37.20.94.42,agathe.maillet@outlook.fr,,26/07/1998
Marie,Robert,,04.50.61.49.84,marie.robert@gmail.com,chauffeur,10/10/1974
Theodore,Dias,MARSEILLE 13013,04.02.42.17.47,theodore.dias@yahoo.fr,,
,Charrier,LYON 69005,04.75.13.85.02,benjamin.charrier@yahoo.fr,comptable,
,Gillet,VILLEURBANNE 69100,04.82.57.00.64,jacques.gillet@server.fr,,
Gabrielle,Gosselin,MONTPELLIER 34090,04.35.66.00.60,gabrielle.gosselin@gmail.com,boulanger,04/09/1989
,Lebreton,LILLE 59260,03.62.29.08.41,olivier.lebreton@outlook.fr,technicien,
Madeleine,Dos Santos,LE HAVRE 76600,02.39.71.57.74,madeleine.dos-santos@yahoo.fr,,01/01/1960
Michele,Couturier,PARIS 75008,01.04.33.58.56,michele.couturier@hotmail.fr,chauffeur,02/07/1964
Victor,Gaillard-Gimenez,MARSEILLE 13016,04.66.17.81.77,victor.gaillard-gimenez@gmail.com,journaliste,16/09/2006
Stephane,Hoareau,LYON 69008,04.49.40.24.51,stephane.hoareau@gmail.com,medecin,18/11/1984
Emmanuelle-Frederique,Martel,BORDEAUX 33000,05.52.62.21.18,emmanuelle-frederique.martel@yahoo.fr,architecte,01/08/1981
Cecile,Salmon,TOULOUSE 31200,05.89.88.42.94,cecile.salmon@hotmail.fr,,16/10/1975
Emmanuel,Cordier,MARSEILLE 13016,04.99.10.05.01,emmanuel.cordier@outlook.fr,,28/05/1962
,Meyer,STRASBOURG 67200,03.10.34.31.94,raymond.meyer@gmail.com,,01/03/1963
Martine-Margaud,Fabre,PARIS 75020,01.57.58.36.75,martine-margaud.fabre@outlook.fr,,10/05/1979
Anais,Blanchet,,01.85.73.18.11,anais.blanchet@gmail.com,,23/09/2002
,Boulay,,05.50.47.01.39,corinne-brigitte.boulay@gmail.com,chercheur,13/03/1997
Adrien,Faivre,,04.84.38.42.21,adrien.faivre@yahoo.fr,,24/05/1977
Zacharie,du Duval,LYON 69005,04.23.08.01.92,zacharie.du-duval@server.fr,banquier,
Gilbert,de la Lopez,PARIS 75002,01.53.48.03.33,gilbert.de-la-lopez@server.fr,journaliste,
Louis,Fouquet de Robin,GRENOBLE 38100,04.41.02.21.11,louis.fouquet-de-robin@yahoo.fr,,
Emilie,Brun,,04.65.11.22.81,emilie.brun@server.fr,,
Catherine,Teixeira,TOULON 83100,04.90.34.75.88,catherine.teixeira@gmail.com,,09/02/1959
Jacqueline-Henriette,Legendre,MARSEILLE 13009,04.22.46.92.18,,,
Valentine,Chevallier,PARIS 75009,01.12.56.89.54,valentine.chevallier@yahoo.fr,,19/06/1986
Nicolas,Pasquier-Maillet,MARSEILLE 13008,04.90.53.64.59,nicolas.pasquier-maillet@outlook.fr,,14/05/1967
Jerome-Thierry,Baudry,PARIS 75012,01.62.86.70.97,jerome-thierry.baudry@server.fr,militaire,
Alexandrie,Chretien,LILLE 59000,03.35.41.71.71,alexandrie.chretien@outlook.fr,,04/05/1963
Edouard,Alexandre,BORDEAUX 33200,05.82.00.43.51,edouard.alexandre@outlook.fr,,14/12/1987
Jean,Blanchard,LYON 69003,04.68.03.49.59,jean.blanchard@outlook.fr,barman,
Susan,du Briand,TOULON 83100,04.06.13.43.62,susan.du-briand@server.fr,architecte,
Thibaut,Le Meunier,LILLE 59000,03.40.47.26.38,thibaut.le-meunier@outlook.fr,technicien,
Claire,Carlier Le Peron,LILLE 59000,03.44.51.70.98,claire.carlier-le-peron@server.fr,,15/01/2003
Jules,Dufour,MONTPELLIER 34090,04.84.43.35.45,jules.dufour@server.fr,chercheur,
Gilbert,Gerard,NICE 06000,04.06.90.96.02,gilbert.gerard@gmail.com,,17/06/1966
Lucie,Auger,PARIS 75020,01.67.82.40.28,lucie.auger@hotmail.fr,,02/12/1974
Auguste,Nguyen,MARSEILLE 13009,04.56.37.91.72,auguste.nguyen@hotmail.fr,,05/06/1980
Vincent,Legrand,,01.49.15.86.81,vincent.legrand@outlook.fr,chercheur,16/10/2003
Etienne,Fouquet,MARSEILLE 13001,04.06.67.05.79,etienne.fouquet@gmail.com,chauffeur,30/03/1974
,Michel,CHAMPAGNE-AU-MONT-D'OR 69410,04.80.28.09.61,,,21/05/1965
,Collin,,01.54.02.88.14,david.collin@hotmail.fr,,07/08/1984
Aime,Toussaint-Lenoir,MARSEILLE 13013,04.25.31.87.62,aime.toussaint-lenoir@hotmail.fr,cuisinier,29/12/1986
Amelie,Bailly,BORDEAUX 33300,05.78.06.03.54,amelie.bailly@gmail.com,,
Daniel,Blanc,NICE 06200,04.80.63.58.12,daniel.blanc@yahoo.fr,,14/03/1996
William,Gerard,NICE 06200,04.23.10.83.18,,technicien,08/03/1990
,Lecoq,LILLE 59160,03.73.90.19.70,eugene.lecoq@gmail.com,cuisinier,03/12/1958
Nathalie,Marchal,,04.47.21.54.81,nathalie.marchal@gmail.com,ouvrier,16/09/1955
Marthe,Levy,,04.02.12.17.00,marthe.levy@outlook.fr,,
Rene,Mary-Lebrun,BORDEAUX 33300,05.57.75.65.70,rene.mary-lebrun@yahoo.fr,ouvrier,13/10/1972
Jacques,Le Goff-Menard,PARIS 75016,01.42.83.03.12,jacques.le-goff-menard@server.fr,medecin,27/03/1991
Adrienne,Bonnin du Navarro,NICE 06000,04.73.18.22.82,adrienne.bonnin-du-navarro@gmail.com,chef d'entreprise,
,Breton,PARIS 75004,01.34.81.06.15,,banquier,24/02/1971
Xavier,Royer,MARSEILLE 13008,04.33.02.48.79,xavier.royer@yahoo.fr,chef d'entreprise,11/02/1994
,Fournier,NICE 06100,04.24.32.12.93,yves.fournier@outlook.fr,,18/07/1955
Martine-Pauline,Vallet,NICE 06100,04.67.33.09.57,martine-pauline.vallet@yahoo.fr,,16/09/1958
Caroline,Guyon-Marchand,,01.61.42.60.17,caroline.guyon-marchand@outlook.fr,,24/01/1977
Vincent,Delahaye,GRENOBLE 38000,04.93.19.42.38,vincent.delahaye@gmail.com,,14/02/1963
Bernard-Bertrand,Mallet,,01.60.63.99.81,bernard-bertrand.mallet@server.fr,informaticien,15/01/1978
Leon,Ferrand,LYON 69005,04.61.74.15.70,leon.ferrand@hotmail.fr,,21/12/1953
Jules,Brunel,PARIS 75010,01.95.90.89.54,jules.brunel@hotmail.fr,avocat,
Alphonse,Vallet,MARSEILLE 13013,04.78.30.92.16,alphonse.vallet@outlook.fr,acteur,06/11/2003
Claire,Mace,NANTES 44200,02.54.68.59.39,claire.mace@yahoo.fr,banquier,
Alphonse,Clement,,04.33.68.83.36,alphonse.clement@server.fr,cuisinier,21/10/1956
Xavier,de la Lemaire,MONTPELLIER 34000,04.27.07.53.39,xavier.de-la-lemaire@yahoo.fr,,
Lucie,Da Costa-Charrier,TOULOUSE 31200,05.64.44.38.81,lucie.da-costa-charrier@gmail.com,ouvrier,28/03/1961
Emmanuelle-Susanne,Deschamps,,05.56.99.98.32,emmanuelle-susanne.deschamps@gmail.com,,
Timothee,Lamy,,02.31.94.09.89,,informaticien,10/11/1972
,Guyot,,04.22.94.08.54,adrienne.guyot@gmail.com,avocat,
,Brunel,PARIS 75015,01.29.88.72.43,sebastien.brunel@yahoo.fr,barman,11/06/1990
Aime,Jourdan,NANTES 44100,02.42.47.52.70,aime.jourdan@gmail.com,,07/02/1980
Noel,Martin,GRENOBLE 38000,04.15.20.51.65,noel.martin@gmail.com,,
Nath,Toussaint,,04.84.50.58.40,nath.toussaint@hotmail.fr,banquier,
Honore,Launay,MONTPELLIER 34080,04.53.46.96.52,honore.launay@hotmail.fr,,22/01/1964
Nathalie,Duval de la Ledoux,MARSEILLE 13009,04.07.58.67.91,nathalie.duval-de-la-ledoux@gmail.com,acteur,28/03/2004
Andre,du De Sousa,VILLEURBANNE 69100,04.93.41.24.75,andre.du-de-sousa@yahoo.fr,avocat,24/02/1981
Brigitte,Gros,TOULOUSE 31500,05.11.86.11.41,,,09/12/1993
,Munoz,,02.12.47.48.08,antoine-antoine.munoz@hotmail.fr,,18/11/1999
Marcel,Masson de la Lacroix,,04.53.83.18.67,marcel.masson-de-la-lacroix@yahoo.fr,chauffeur,09/01/1998
Hortense,Da Costa,,05.67.99.05.58,hortense.da-costa@hotmail.fr,technicien,29/10/1983
Odette,Sauvage de Vasseur,BORDEAUX 33200,05.64.85.30.31,odette.sauvage-de-vasseur@yahoo.fr,boulanger,20/12/2003
Roland,Lambert,NICE 06100,04.06.86.78.55,roland.lambert@outlook.fr,barman,
Noel,Pinto,,01.86.10.84.09,noel.pinto@yahoo.fr,journaliste,01/04/2002
,Benoit,TOULON 83100,04.29.47.93.97,victor-roger.benoit@gmail.com,ouvrier,
Emilie,Perez,MARSEILLE 13014,04.05.62.00.28,emilie.perez@gmail.com,,01/07/2002
,Guillon,,04.84.63.79.38,sylvie.guillon@server.fr,,09/09/1973
,Aubert du Mary,STRASBOURG 67200,03.54.31.90.48,gilbert.aubert-du-mary@gmail.com,,25/08/1999
Marianne,Turpin-Cousin,,04.21.93.61.97,marianne.turpin-cousin@gmail.com,comptable,
,Sauvage,,04.20.46.56.36,jeannine.sauvage@outlook.fr,chauffeur,11/10/1985
Robert,Barbe,,04.37.65.46.82,robert.barbe@yahoo.fr,chauffeur,01/10/1954
Matthieu-Gerard,Petitjean,MARSEILLE 13015,04.67.85.69.81,,,02/01/1959
Frederic,Bouchet du Blondel,NANTES 44000,02.78.52.78.25,frederic.bouchet-du-blondel@outlook.fr,,11/02/1999
Antoinette,Benoit,SAINT-DENIS 93210,01.47.53.32.77,antoinette.benoit@server.fr,medecin,25/05/1980
,de Arnaud,STRASBOURG 67200,03.54.42.88.06,nicolas.de-arnaud@yahoo.fr,militaire,20/04/1995
Anne-Patricia,Fischer,,04.49.46.20.42,anne-patricia.fischer@gmail.com,banquier,11/04/2000
Marcelle,Bodin,,04.74.46.00.01,marcelle.bodin@gmail.com,,27/06/1977
Antoinette,Daniel-Langlois,BORDEAUX 33000,05.98.01.64.21,antoinette.daniel-langlois@yahoo.fr,,
Sebastien,Laporte,,04.69.95.35.16,,banquier,16/06/1973
Alix,Foucher,,04.80.47.40.44,alix.foucher@gmail.com,cuisinier,21/08/1970
Richard,Carlier,PARIS 75018,01.21.27.09.30,richard.carlier@hotmail.fr,,
Alain-Theophile,Leleu,RENNES 35000,02.02.72.69.15,alain-theophile.leleu@yahoo.fr,,30/09/1986
Benoit,Bernier,MARSEILLE 13011,04.84.76.21.42,benoit.bernier@hotmail.fr,,
Agnes,Rousseau,PARIS 75009,01.51.35.60.46,agnes.rousseau@outlook.fr,,
Francoise,Charpentier,,04.58.21.83.27,francoise.charpentier@hotmail.fr,acteur,16/05/1973
Emile,Pierre,,05.25.96.19.37,emile.pierre@yahoo.fr,,
Dominique,Lecomte,,04.61.61.13.38,dominique.lecomte@yahoo.fr,militaire,22/08/1970
Audrey,Millet-Hamel,,04.35.93.82.62,audrey.millet-hamel@gmail.com,architecte,16/07/1993
Gregoire,Marty,PARIS 75018,01.78.79.47.16,gregoire.marty@hotmail.fr,cuisinier,
Gabriel,Bertin,PARIS 75012,01.98.56.13.35,gabriel.bertin@outlook.fr,informaticien,23/08/2000
Michele,Clement,SAINT-DENIS 93210,01.92.30.18.31,michele.clement@outlook.fr,enseignant,08/07/1963
,Faure-Remy,BRON 69500,04.14.15.01.72,denise.faure-remy@hotmail.fr,banquier,08/08/2003
Michel-Bertrand,Pereira,MARSEILLE 13008,04.77.13.75.21,michel-bertrand.pereira@yahoo.fr,,16/05/1998
Oceane,Meyer,,01.97.37.90.99,oceane.meyer@yahoo.fr,journaliste,12/05/1965
David,de la Valentin,RENNES 35200,02.19.40.01.54,,,
Noel-Bernard,Pons,TOULOUSE 31400,05.26.20.09.31,noel-bernard.pons@hotmail.fr,,
Juliette,de la Deschamps,TOULOUSE 31300,05.49.74.42.30,juliette.de-la-deschamps@server.fr,boulanger,28/07/1991
Arnaude,Laporte,MARSEILLE 13015,04.39.09.07.27,arnaude.laporte@hotmail.fr,avocat,
Jacques,Hebert-Mahe,MARSEILLE 13012,04.61.79.07.19,jacques.hebert-mahe@yahoo.fr,,18/02/2002
Claire,Dumas,,01.46.19.67.12,claire.dumas@gmail.com,avocat,
Guillaume,Baudry-Le Roux,PARIS 75014,01.91.44.69.52,guillaume.baudry-le-roux@outlook.fr,enseignant,
Sophie,Besson,STRASBOURG 67100,03.70.90.97.61,sophie.besson@yahoo.fr,,
Andree,Bouchet,,01.88.68.39.01,andree.bouchet@hotmail.fr,avocat,20/03/2000
Margaret,Legrand-Lelievre,STRASBOURG 67100,03.45.87.74.29,margaret.legrand-lelievre@server.fr,,
Aurore,Chauveau de la Dumas,,03.55.05.56.25,aurore.chauveau-de-la-dumas@yahoo.fr,acteur,14/12/1966
,Leroy,,04.46.00.66.55,gabriel.leroy@hotmail.fr,comptable,24/12/1980
Corinne,Riviere,LILLE 59160,03.92.79.56.57,corinne.riviere@server.fr,,
Theodore,Fernandes-Clement,,05.43.38.36.05,theodore.fernandes-clement@outlook.fr,,08/01/1996
Noel-Sebastien,Texier,,04.06.83.17.46,noel-sebastien.texier@hotmail.fr,ouvrier,
,Muller,,04.76.10.17.48,laure.muller@outlook.fr,,25/03/1987
Nath,Munoz,,04.42.19.95.12,nath.munoz@gmail.com,banquier,22/04/1993
Alfred,Boutin-Gosselin,MARSEILLE 13014,04.99.02.61.20,alfred.boutin-gosselin@server.fr,,01/11/1984
Monique,Ollivier,ST ETIENNE 42100,04.46.29.56.36,monique.ollivier@outlook.fr,chauffeur,18/10/1955
Corinne,du Traore,,04.78.36.33.65,corinne.du-traore@outlook.fr,,14/02/1980
Suzanne,de la Aubry,PARIS 75008,01.74.58.05.10,suzanne.de-la-aubry@yahoo.fr,banquier,25/01/1992
Alfred,Charles,PARIS 75010,01.75.50.81.26,alfred.charles@yahoo.fr,technicien,
Celina,Marty-Petitjean,GRENOBLE 38100,04.11.05.73.92,celina.marty-petitjean@server.fr,,
,Germain,MARSEILLE 13007,04.94.43.94.97,marcelle.germain@yahoo.fr,,
,Besson,LYON 69009,04.35.22.45.73,noemi.besson@outlook.fr,,03/05/1984
,du Begue,PARIS 75011,01.09.58.64.54,josette.du-begue@server.fr,,26/05/1973
Arthur,Besnard,TOULOUSE 31400,05.28.55.78.11,arthur.besnard@server.fr,,
Richard,Bonnin,NICE 06200,04.85.21.14.94,richard.bonnin@gmail.com,chef d'entreprise,
Benoit,Maillet,MARSEILLE 13016,04.06.13.42.17,benoit.maillet@gmail.com,,
Guillaume,Sauvage,LYON 69001,04.39.91.17.88,guillaume.sauvage@outlook.fr,chef d'entreprise,02/04/1970
Patricia,Pascal-Hubert,MARSEILLE 13001,04.40.06.02.77,patricia.pascal-hubert@server.fr,,21/02/2002
Aimee,du Maillot,,05.50.14.92.65,aimee.du-maillot@gmail.com,chef d'entreprise,
Isaac,Guilbert,TOULON 83100,04.46.10.76.25,isaac.guilbert@server.fr,comptable,17/03/1998
Gabriel,Thibault,RENNES 35000,02.16.56.17.68,gabriel.thibault@server.fr,,26/01/2004
Laurent,Boulay Le Hoareau,,04.06.78.77.40,laurent.boulay-le-hoareau@outlook.fr,medecin,
Timothee,Torres,MARSEILLE 13013,04.46.71.41.88,timothee.torres@gmail.com,chercheur,16/10/1984
Constance,Giraud,TOULON 83000,04.87.89.62.72,constance.giraud@server.fr,,16/09/2002
,Muller,PARIS 75014,01.79.63.19.19,,,01/05/1991
Margaud,Noel,LILLE 59260,03.02.30.37.85,margaud.noel@hotmail.fr,,07/02/1975
Remy,Sanchez Le Dumont,NANTES 44300,02.97.81.64.98,remy.sanchez-le-dumont@gmail.com,,04/01/1967
Penelope,Leclercq,ST ETIENNE 42100,04.46.12.85.38,penelope.leclercq@outlook.fr,cuisinier,
Auguste,Lacombe de Pasquier,,04.95.20.49.65,auguste.lacombe-de-pasquier@gmail.com,cuisinier,14/01/1973
Anouk,Benard,MARSEILLE 13008,04.57.18.44.46,anouk.benard@gmail.com,,04/03/1955
Luc,Bourgeois-Regnier,PARIS 75009,01.58.17.06.75,luc.bourgeois-regnier@gmail.com,informaticien,29/03/1956
Capucine,Le Lacroix,,04.43.58.72.21,capucine.le-lacroix@hotmail.fr,footballeur,
,Allard,ST ETIENNE 42100,04.61.73.03.24,isaac.allard@server.fr,banquier,31/12/1991
Maryse,Gonzalez,TOULOUSE 31200,05.37.68.09.67,,informaticien,08/08/1975
,Adam,MARSEILLE 13009,04.75.51.05.01,,,14/03/1969
Susanne,Sauvage-Leconte,,04.92.76.90.13,susanne.sauvage-leconte@hotmail.fr,cuisinier,
,Boucher,MARSEILLE 13016,04.19.39.51.47,lucy.boucher@outlook.fr,,06/07/1978
Michel,Blanchet,MARSEILLE 13013,04.89.53.45.98,michel.blanchet@yahoo.fr,,
Arnaude,Guyon,SAINT-DENIS 93210,01.71.75.88.57,arnaude.guyon@hotmail.fr,,
,Seguin,MARSEILLE 13016,04.61.64.78.66,aimee-sylvie.seguin@hotmail.fr,architecte,
Isabelle,Lefevre,MARSEILLE 13015,04.20.86.42.43,isabelle.lefevre@outlook.fr,,27/12/1988
Marianne,de la Laporte,PARIS 75014,01.61.95.40.68,marianne.de-la-laporte@gmail.com,chercheur,28/10/1963
Gabriel,Lombard-Adam,TOULOUSE 31000,05.01.65.18.63,gabriel.lombard-adam@yahoo.fr,journaliste,23/12/1991
,Faivre,AIX-EN-PROVENCE 13090,04.60.26.04.40,,architecte,13/04/1989
Simone,Perrin,PARIS 75008,01.74.35.33.90,simone.perrin@gmail.com,,26/05/1965
Stephanie,Dubois-Chauveau,MARSEILLE 13013,04.11.75.56.71,stephanie.dubois-chauveau@outlook.fr,technicien,04/04/1955
Maurice,Raymond,,01.88.39.83.23,maurice.raymond@hotmail.fr,comptable,
Maryse-Bernadette,Vasseur,PARIS 75005,01.57.66.52.17,maryse-bernadette.vasseur@gmail.com,,
Thibaut,Merle,NICE 06200,04.92.92.65.04,,,18/04/1982
Pauline,Guillot-Bertrand,STRASBOURG 67100,03.35.78.08.92,pauline.guillot-bertrand@server.fr,boulanger,03/10/1979
Pierre,Pinto,STRASBOURG 67100,03.82.17.24.27,pierre.pinto@gmail.com,chercheur,
,Faure de la Berthelot,PARIS 75013,01.27.50.54.39,edith.faure-de-la-berthelot@gmail.com,,
Veronique,Regnier-Navarro,PARIS 75018,01.81.33.89.08,veronique.regnier-navarro@yahoo.fr,cuisinier,
Andree,Leduc,STRASBOURG 67000,03.81.27.34.84,andree.leduc@gmail.com,boulanger,
Matthieu,Munoz-Pires,MARSEILLE 13011,04.06.28.16.75,matthieu.munoz-pires@yahoo.fr,agriculteur,
,Bigot,RENNES 35000,02.45.27.42.79,nathalie.bigot@hotmail.fr,architecte,
Suzanne,Humbert du Gilles,,04.63.61.76.37,,,03/03/1975
Marie,Durand,,01.36.90.60.26,marie.durand@hotmail.fr,journaliste,20/09/1960
Philippine,Gregoire,,01.00.81.47.38,philippine.gregoire@outlook.fr,medecin,07/11/1968
Martin,Guyon,TOULOUSE 31100,05.58.44.25.49,martin.guyon@hotmail.fr,comptable,17/07/1974
,Legros,,02.99.62.03.60,marie.legros@server.fr,,
Vincent,Blanchard de Gros,,04.86.85.91.81,vincent.blanchard-de-gros@server.fr,,06/08/1972
Martine,Olivier,,02.39.16.64.49,martine.olivier@outlook.fr,medecin,26/09/1964
Caroline,Bruneau,PARIS 75017,01.05.96.75.28,caroline.bruneau@gmail.com,journaliste,20/11/1985
,Raynaud,MARSEILLE 13010,04.86.21.18.03,,chercheur,11/09/1998
Maurice,Carre-Lenoir,NANTES 44200,02.73.35.98.14,maurice.carre-lenoir@gmail.com,,17/12/1977
Etienne,Roche,,05.86.42.22.57,etienne.roche@gmail.com,,28/05/1991
Claudine,Rodriguez,PARIS 75020,01.12.76.46.96,claudine.rodriguez@gmail.com,banquier,21/11/1972
,Nguyen,MARSEILLE 13002,04.28.28.35.93,,,09/04/1974
Francois,Pages-Fleury,PARIS 75008,01.69.28.41.46,francois.pages-fleury@yahoo.fr,cuisinier,25/05/1981
,de Lenoir,MARSEILLE 13008,04.83.44.56.95,charles.de-lenoir@gmail.com,technicien,11/08/1983
,Teixeira,,04.81.15.49.13,celina.teixeira@outlook.fr,,07/08/1996
Genevieve,Texier,TOULOUSE 31500,05.81.63.70.22,genevieve.texier@outlook.fr,banquier,01/08/1972
Honore,Becker-Pineau,,04.64.23.46.83,honore.becker-pineau@outlook.fr,acteur,
Brigitte,Prevost Le Lucas,PARIS 75015,01.81.33.92.89,,militaire,01/09/1996
Juliette,Pruvost,MARSEILLE 13016,04.68.65.63.71,juliette.pruvost@server.fr,,17/10/1977
Michelle,Leroy,MARSEILLE 13005,04.11.93.29.22,michelle.leroy@yahoo.fr,ouvrier,15/09/1954
Michelle,Olivier,MARSEILLE 13009,04.31.72.14.61,michelle.olivier@gmail.com,,11/10/1966
Alain,Delorme,NICE 06000,04.36.09.23.68,,journaliste,
Michel-Antoine,Moulin,LYON 69006,04.26.18.04.41,michel-antoine.moulin@hotmail.fr,banquier,
Leon,Pasquier,MARSEILLE 13009,04.85.83.23.95,leon.pasquier@yahoo.fr,,
Lucas,Lemaire,,01.42.34.49.60,lucas.lemaire@yahoo.fr,architecte,27/11/2003
,Roche,BORDEAUX 33200,05.52.90.94.47,marcel.roche@hotmail.fr,avocat,07/06/1961
,Lagarde,MONTPELLIER 34080,04.58.25.38.98,charles.lagarde@outlook.fr,technicien,22/01/1993
Thibault-Roger,Leclercq,RENNES 35200,02.36.18.57.78,thibault-roger.leclercq@gmail.com,technicien,21/09/1982
Timothee,Maury,PARIS 75010,01.71.09.38.00,timothee.maury@server.fr,,
William,Jacques,MONTPELLIER 34070,04.44.27.63.67,william.jacques@gmail.com,technicien,24/09/1982
,Boulanger,,04.64.72.23.00,charles.boulanger@outlook.fr,technicien,06/05/1987
Gabriel,Le Mendes,BRON 69500,04.35.48.36.07,gabriel.le-mendes@yahoo.fr,,31/05/1970
Roger-Roland,Hamon,PARIS 75002,01.28.89.72.08,roger-roland.hamon@gmail.com,,27/06/1991
Ines,Pasquier,MARSEILLE 13001,04.20.15.22.46,ines.pasquier@yahoo.fr,acteur,
Michel,Le Regnier,BORDEAUX 33100,05.28.32.45.13,michel.le-regnier@gmail.com,militaire,02/09/2001
Richard,du Bertin,TOULON 83100,04.68.07.68.94,richard.du-bertin@yahoo.fr,chercheur,16/11/1997
Georges,Levy,,01.95.27.72.89,georges.levy@hotmail.fr,barman,
,Pereira,NICE 06200,04.77.33.61.01,bernard.pereira@gmail.com,ouvrier,18/02/2006
,Chretien,NICE 06000,04.66.99.06.24,remy.chretien@gmail.com,ouvrier,
,Teixeira du Gay,NICE 06200,04.25.86.61.84,emile.teixeira-du-gay@hotmail.fr,cuisinier,13/04/1994
Margaret,Nguyen,,05.75.23.27.28,margaret.nguyen@server.fr,,25/06/1989
,Simon,BORDEAUX 33100,05.66.39.96.35,susanne-caroline.simon@gmail.com,chercheur,29/06/2006
Franck,Legendre du Huet,PARIS 75020,01.74.15.23.75,franck.legendre-du-huet@outlook.fr,banquier,01/11/1991
Theophile,Riou,TOULOUSE 31300,05.70.54.27.14,theophile.riou@gmail.com,barman,
Simone,Boutin,NANTES 44300,02.97.93.28.42,simone.boutin@gmail.com,chercheur,27/11/1973
Catherine,Marie de Chevallier,,04.86.75.81.22,catherine.marie-de-chevallier@gmail.com,,16/05/1988
Valentine,Bonneau-Duval,LYON 69002,04.16.84.96.13,valentine.bonneau-duval@server.fr,chauffeur,27/06/1966
Olivier,Couturier,NANTES 44100,02.38.29.26.20,,cuisinier,14/05/1994
,de la Pereira,,05.03.29.09.73,susanne.de-la-pereira@gmail.com,architecte,
Christine,Moreno,STRASBOURG 67000,03.71.17.29.07,christine.moreno@outlook.fr,,01/02/1970
,Bazin-Vallet,MARSEILLE 13007,04.00.32.83.27,georges.bazin-vallet@yahoo.fr,militaire,09/03/1978
Renee,Aubry,,05.50.51.32.08,renee.aubry@outlook.fr,,02/12/1974
Adrien,Guillot Le Robert,MARSEILLE 13016,04.11.95.55.89,adrien.guillot-le-robert@server.fr,,22/06/1957
,Diaz,NANTES 44200,02.17.05.37.27,capucine.diaz@outlook.fr,acteur,14/07/1957
Jeannine,Delaunay,,01.23.61.81.09,jeannine.delaunay@gmail.com,barman,
Zacharie-Vincent,Rolland,MARSEILLE 13009,04.63.69.99.69,zacharie-vincent.rolland@yahoo.fr,,
Gilbert,Blanc du Carpentier,MARSEILLE 13009,04.51.75.32.34,gilbert.blanc-du-carpentier@outlook.fr,,07/07/1985
Gilbert,Laporte,PARIS 75017,01.72.32.31.82,gilbert.laporte@yahoo.fr,,10/02/1989
Emile,Auger,,04.63.95.75.35,emile.auger@yahoo.fr,,11/04/1973
Hugues,Leroy,,01.52.85.71.45,hugues.leroy@outlook.fr,acteur,
Antoine,Morin,,04.30.45.09.61,antoine.morin@gmail.com,chef d'entreprise,
Louise,Mahe,PARIS 75116,01.91.26.96.65,louise.mahe@gmail.com,avocat,29/01/1959
Gabrielle,Jacob,MARSEILLE 13009,04.66.12.72.65,gabrielle.jacob@server.fr,footballeur,19/01/1967
Camille,Bruneau-Chretien,PARIS 75008,01.53.60.52.20,camille.bruneau-chretien@hotmail.fr,chef d'entreprise,25/04/1976
,Legrand,MARSEILLE 13013,04.05.76.10.92,suzanne-frederique.legrand@gmail.com,,
,Charles,VILLEURBANNE 69100,04.87.89.06.16,guillaume.charles@gmail.com,comptable,15/05/2006
,Mallet,LYON 69007,04.78.82.68.28,margot.mallet@gmail.com,cuisinier,31/03/1994
Auguste,Carlier,LE HAVRE 76620,02.28.44.02.46,auguste.carlier@outlook.fr,,16/02/2004
Joseph,Weiss,MARSEILLE 13013,04.84.04.96.49,joseph.weiss@server.fr,,10/06/1976
Julie,Louis Le Goncalves,STRASBOURG 67100,03.57.56.78.96,julie.louis-le-goncalves@outlook.fr,,07/07/1973
,de Parent,,04.32.54.96.77,thibault.de-parent@hotmail.fr,militaire,29/03/1992
,Hoareau,NANTES 44000,02.05.97.33.21,aurore.hoareau@hotmail.fr,militaire,03/07/1991
Lucie,Charles,,04.13.79.71.87,,chef d'entreprise,
Augustin,Bailly-Gerard,TOULOUSE 31500,05.85.49.90.64,,boulanger,26/02/1995
Adrienne,Bonnet,PARIS 75014,01.87.00.07.18,adrienne.bonnet@yahoo.fr,,25/05/1985
Elodie,Aubry,MONTPELLIER 34000,04.92.70.76.24,elodie.aubry@hotmail.fr,medecin,
Etienne,Riviere,RENNES 35700,02.16.86.77.72,etienne.riviere@outlook.fr,journaliste,
Charles,de la Martel,ST ETIENNE 42000,04.29.20.50.45,charles.de-la-martel@gmail.com,medecin,01/09/1957
Alexandre,Berthelot,,04.26.36.82.16,alexandre.berthelot@hotmail.fr,,27/03/1981
Adrienne,Pages,LYON 69006,04.78.35.33.87,adrienne.pages@yahoo.fr,,15/02/1962
Alexandre,Guilbert,,04.11.44.26.88,,,
Laure,Texier,RENNES 35200,02.84.71.99.45,laure.texier@server.fr,comptable,11/06/2003
Jerome,Lacombe,PARIS 75002,01.11.10.05.01,jerome.lacombe@gmail.com,,30/09/1977
Renee,Gallet,RENNES 35200,02.89.85.93.39,renee.gallet@server.fr,banquier,16/06/1999
Emmanuelle,Legendre,PARIS 75020,01.71.07.97.89,emmanuelle.legendre@outlook.fr,,14/01/1962
Emmanuel,Dupuy,PARIS 75014,01.50.54.66.29,emmanuel.dupuy@outlook.fr,medecin,
Pauline,de la Hoareau,PARIS 75006,01.10.80.26.83,pauline.de-la-hoareau@yahoo.fr,,04/12/1975
Manon,Lopes Le Clement,LYON 69006,04.15.22.22.26,manon.lopes-le-clement@gmail.com,chauffeur,
Noel,Perret,MARSEILLE 13008,04.47.95.41.38,noel.perret@hotmail.fr,footballeur,19/12/1979
Julien,Chevalier,RENNES 35200,02.95.75.99.50,julien.chevalier@hotmail.fr,militaire,
Pierre,Didier,,04.55.87.51.14,pierre.didier@hotmail.fr,chef d'entreprise,02/05/1989
Anais-Maggie,Fischer,,01.57.69.81.07,anais-maggie.fischer@yahoo.fr,medecin,25/11/1981
Margaux-Genevieve,Morel,,04.78.64.10.08,margaux-genevieve.morel@yahoo.fr,,
Henri,de Lagarde,LYON 69001,04.49.18.04.06,henri.de-lagarde@hotmail.fr,,
Richard,Herve,,02.78.67.04.88,richard.herve@yahoo.fr,comptable,05/08/1982
Arthur,Delannoy,,05.18.43.29.10,arthur.delannoy@server.fr,cuisinier,16/08/1967
,Le Olivier,,01.99.70.94.68,isabelle.le-olivier@yahoo.fr,,
,Clerc,LYON 69004,04.36.86.68.62,marcel.clerc@gmail.com,,
Capucine-Lucy,Meunier,,03.78.63.14.85,capucine-lucy.meunier@outlook.fr,acteur,
Pauline,Barbier,PARIS 75018,01.21.63.32.67,pauline.barbier@server.fr,,23/09/1986
,Bertin,MARSEILLE 13009,04.24.80.51.00,laure-anastasie.bertin@outlook.fr,footballeur,
Roland,Laporte,,02.03.40.70.18,,boulanger,
Lucie,Sanchez,,01.01.11.75.95,lucie.sanchez@gmail.com,boulanger,21/09/2003
Alfred,Peron,,01.33.97.96.18,alfred.peron@yahoo.fr,,
Rene-Laurent,Couturier,PARIS 75010,01.64.79.58.53,rene-laurent.couturier@gmail.com,,
Honore,Rolland,NICE 06000,04.44.31.42.98,honore.rolland@gmail.com,militaire,13/07/1978
Laurent,Poirier,PARIS 75017,01.31.02.75.87,laurent.poirier@yahoo.fr,agriculteur,
